{
  "0": {
    "precision": 0.9324776785714286,
    "recall": 0.8794736842105263,
    "f1-score": 0.9052004333694474,
    "support": 1900.0
  },
  "1": {
    "precision": 0.9494264859228363,
    "recall": 0.958421052631579,
    "f1-score": 0.9539025667888947,
    "support": 1900.0
  },
  "2": {
    "precision": 0.8035381750465549,
    "recall": 0.9084210526315789,
    "f1-score": 0.8527667984189723,
    "support": 1900.0
  },
  "3": {
    "precision": 0.8983926521239954,
    "recall": 0.8236842105263158,
    "f1-score": 0.8594179022515102,
    "support": 1900.0
  },
  "accuracy": 0.8925,
  "macro avg": {
    "precision": 0.8959587479162038,
    "recall": 0.8925000000000001,
    "f1-score": 0.8928219252072062,
    "support": 7600.0
  },
  "weighted avg": {
    "precision": 0.8959587479162039,
    "recall": 0.8925,
    "f1-score": 0.8928219252072062,
    "support": 7600.0
  }
}