{
  "1": {
    "precision": 0.9315589353612167,
    "recall": 0.9026315789473685,
    "f1-score": 0.9168671478214381,
    "support": 1900.0
  },
  "2": {
    "precision": 0.961439588688946,
    "recall": 0.9842105263157894,
    "f1-score": 0.9726918075422627,
    "support": 1900.0
  },
  "3": {
    "precision": 0.8730911005792522,
    "recall": 0.8726315789473684,
    "f1-score": 0.8728612792840221,
    "support": 1900.0
  },
  "4": {
    "precision": 0.8798955613577023,
    "recall": 0.8868421052631579,
    "f1-score": 0.8833551769331586,
    "support": 1900.0
  },
  "accuracy": 0.911578947368421,
  "macro avg": {
    "precision": 0.9114962964967793,
    "recall": 0.911578947368421,
    "f1-score": 0.9114438528952203,
    "support": 7600.0
  },
  "weighted avg": {
    "precision": 0.9114962964967793,
    "recall": 0.911578947368421,
    "f1-score": 0.9114438528952205,
    "support": 7600.0
  }
}