{
  "1": {
    "precision": 0.9162614802809292,
    "recall": 0.8926315789473684,
    "f1-score": 0.9042921887496668,
    "support": 1900.0
  },
  "2": {
    "precision": 0.9426977687626775,
    "recall": 0.978421052631579,
    "f1-score": 0.9602272727272727,
    "support": 1900.0
  },
  "3": {
    "precision": 0.8769819573537452,
    "recall": 0.8442105263157895,
    "f1-score": 0.860284258514347,
    "support": 1900.0
  },
  "4": {
    "precision": 0.8634496919917864,
    "recall": 0.8852631578947369,
    "f1-score": 0.8742203742203742,
    "support": 1900.0
  },
  "accuracy": 0.9001315789473684,
  "macro avg": {
    "precision": 0.8998477245972847,
    "recall": 0.9001315789473685,
    "f1-score": 0.8997560235529152,
    "support": 7600.0
  },
  "weighted avg": {
    "precision": 0.8998477245972847,
    "recall": 0.9001315789473684,
    "f1-score": 0.8997560235529152,
    "support": 7600.0
  }
}