{
  "1": {
    "precision": 0.9225806451612903,
    "recall": 0.9031578947368422,
    "f1-score": 0.9127659574468086,
    "support": 1900.0
  },
  "2": {
    "precision": 0.9656607700312175,
    "recall": 0.9768421052631578,
    "f1-score": 0.9712192569335426,
    "support": 1900.0
  },
  "3": {
    "precision": 0.8708834291688448,
    "recall": 0.8768421052631579,
    "f1-score": 0.8738526094938369,
    "support": 1900.0
  },
  "4": {
    "precision": 0.8834645669291339,
    "recall": 0.8857894736842106,
    "f1-score": 0.8846254927726676,
    "support": 1900.0
  },
  "accuracy": 0.9106578947368421,
  "macro avg": {
    "precision": 0.9106473528226215,
    "recall": 0.9106578947368421,
    "f1-score": 0.9106158291617139,
    "support": 7600.0
  },
  "weighted avg": {
    "precision": 0.9106473528226217,
    "recall": 0.9106578947368421,
    "f1-score": 0.910615829161714,
    "support": 7600.0
  }
}