{
  "0": {
    "precision": 0.9340239912758996,
    "recall": 0.901578947368421,
    "f1-score": 0.9175147295125871,
    "support": 1900.0
  },
  "1": {
    "precision": 0.9637868598034144,
    "recall": 0.9805263157894737,
    "f1-score": 0.9720845290894861,
    "support": 1900.0
  },
  "2": {
    "precision": 0.8851244044467973,
    "recall": 0.88,
    "f1-score": 0.8825547637899182,
    "support": 1900.0
  },
  "3": {
    "precision": 0.8806584362139918,
    "recall": 0.9010526315789473,
    "f1-score": 0.890738813735692,
    "support": 1900.0
  },
  "accuracy": 0.9157894736842105,
  "macro avg": {
    "precision": 0.9158984229350258,
    "recall": 0.9157894736842105,
    "f1-score": 0.9157232090319208,
    "support": 7600.0
  },
  "weighted avg": {
    "precision": 0.9158984229350258,
    "recall": 0.9157894736842105,
    "f1-score": 0.9157232090319207,
    "support": 7600.0
  }
}