{
  "model_type": "TextRank Extractive Summarizer",
  "evaluation_metrics": {
    "rouge1": {
      "mean": 0.3416730458028417,
      "std": 0.11648725115644266,
      "scores": [
        0.3272727272727273,
        0.32432432432432434,
        0.4093567251461988,
        0.41441441441441446,
        0.2181818181818182,
        0.35443037974683544,
        0.22680412371134023,
        0.46728971962616817,
        0.32758620689655177,
        0.2933333333333334,
        0.49735449735449727,
        0.367816091954023,
        0.21739130434782608,
        0.5740740740740742,
        0.30158730158730157,
        0.34108527131782945,
        0.18064516129032257,
        0.43274853801169594,
        0.5,
        0.39999999999999997,
        0.389261744966443,
        0.36486486486486486,
        0.13793103448275865,
        0.45217391304347826,
        0.27642276422764234,
        0.3181818181818182,
        0.19801980198019803,
        0.3410852713178295,
        0.5100671140939597,
        0.3880597014925373,
        0.39473684210526316,
        0.2631578947368421,
        0.2733812949640288,
        0.20779220779220778,
        0.3076923076923077,
        0.4137931034482758,
        0.140625,
        0.27450980392156865,
        0.2222222222222222,
        0.33333333333333337,
        0.234375,
        0.22429906542056074,
        0.2698412698412699,
        0.5120000000000001,
        0.3255813953488372,
        0.734375,
        0.4662576687116564,
        0.37209302325581395,
        0.36764705882352944,
        0.1941747572815534
      ]
    },
    "rouge2": {
      "mean": 0.13374984155830952,
      "std": 0.11767237092207632,
      "scores": [
        0.18518518518518517,
        0.09174311926605504,
        0.17751479289940827,
        0.29357798165137616,
        0.012269938650306749,
        0.15584415584415584,
        0.06315789473684211,
        0.3619047619047619,
        0.07017543859649124,
        0.10810810810810811,
        0.27807486631016043,
        0.09411764705882353,
        0.06666666666666667,
        0.2830188679245283,
        0.08064516129032258,
        0.09448818897637794,
        0.03921568627450981,
        0.2248520710059172,
        0.2923076923076924,
        0.18518518518518517,
        0.1904761904761905,
        0.12328767123287672,
        0.0,
        0.21238938053097348,
        0.06611570247933883,
        0.046511627906976744,
        0.0,
        0.09448818897637795,
        0.24489795918367346,
        0.15151515151515152,
        0.16,
        0.05357142857142857,
        0.029197080291970802,
        0.05263157894736842,
        0.13173652694610777,
        0.11764705882352941,
        0.015873015873015876,
        0.0,
        0.0,
        0.1,
        0.031746031746031744,
        0.0,
        0.08064516129032258,
        0.1626016260162602,
        0.21428571428571427,
        0.6507936507936507,
        0.2236024844720497,
        0.23622047244094488,
        0.11940298507462686,
        0.019801980198019802
      ]
    },
    "rougeL": {
      "mean": 0.2300705568370967,
      "std": 0.1052259862090863,
      "scores": [
        0.2545454545454545,
        0.1981981981981982,
        0.26900584795321636,
        0.39639639639639634,
        0.07272727272727272,
        0.27848101265822783,
        0.16494845360824742,
        0.44859813084112143,
        0.15517241379310345,
        0.18666666666666668,
        0.3597883597883598,
        0.16091954022988508,
        0.1956521739130435,
        0.3333333333333333,
        0.20634920634920634,
        0.186046511627907,
        0.1032258064516129,
        0.28070175438596495,
        0.3333333333333333,
        0.3090909090909091,
        0.2684563758389262,
        0.22972972972972974,
        0.09195402298850575,
        0.26086956521739135,
        0.14634146341463414,
        0.22727272727272727,
        0.13861386138613863,
        0.2170542635658915,
        0.348993288590604,
        0.25373134328358204,
        0.2763157894736842,
        0.15789473684210525,
        0.12949640287769784,
        0.14285714285714285,
        0.22485207100591714,
        0.2298850574712644,
        0.09375,
        0.13725490196078433,
        0.14814814814814814,
        0.23529411764705882,
        0.15625,
        0.13084112149532712,
        0.17460317460317462,
        0.224,
        0.3023255813953488,
        0.671875,
        0.3190184049079755,
        0.3255813953488372,
        0.25,
        0.0970873786407767
      ]
    }
  },
  "hyperparameters": {
    "top_n": 3,
    "similarity_threshold": 0.1
  },
  "timestamp": "2025-09-07T22:34:24.145752",
  "performance_summary": {
    "rouge1_mean": 0.3416730458028417,
    "rouge2_mean": 0.13374984155830952,
    "rougeL_mean": 0.2300705568370967
  }
}