{
  "model": "TextRank",
  "evaluation_metrics": {
    "rouge1": {
      "mean": 0.3344617052570465,
      "std": 0.10840882653756632,
      "scores": [
        0.3272727272727273,
        0.32432432432432434,
        0.4093567251461988,
        0.41441441441441446,
        0.2181818181818182,
        0.35443037974683544,
        0.22680412371134023,
        0.46728971962616817,
        0.32758620689655177,
        0.2933333333333334,
        0.49735449735449727,
        0.367816091954023,
        0.21739130434782608,
        0.5740740740740742,
        0.30158730158730157,
        0.34108527131782945,
        0.18064516129032257,
        0.43274853801169594,
        0.5,
        0.39999999999999997,
        0.389261744966443,
        0.36486486486486486,
        0.13793103448275865,
        0.45217391304347826,
        0.27642276422764234,
        0.3181818181818182,
        0.19801980198019803,
        0.3410852713178295,
        0.5100671140939597,
        0.3880597014925373,
        0.39473684210526316,
        0.2631578947368421,
        0.2733812949640288,
        0.20779220779220778,
        0.3076923076923077,
        0.4137931034482758,
        0.140625,
        0.27450980392156865,
        0.2222222222222222,
        0.33333333333333337,
        0.234375,
        0.22429906542056074,
        0.2698412698412699,
        0.5120000000000001,
        0.3255813953488372,
        0.734375,
        0.4662576687116564,
        0.37209302325581395,
        0.36764705882352944,
        0.1941747572815534,
        0.3191489361702127,
        0.3717948717948718,
        0.3157894736842105,
        0.5154639175257733,
        0.31578947368421056,
        0.4052287581699346,
        0.256,
        0.3862068965517241,
        0.319327731092437,
        0.512,
        0.3870967741935484,
        0.49624060150375937,
        0.34782608695652173,
        0.29787234042553185,
        0.17391304347826084,
        0.40540540540540543,
        0.27522935779816515,
        0.3578947368421052,
        0.33333333333333337,
        0.536231884057971,
        0.3076923076923077,
        0.22033898305084745,
        0.30158730158730157,
        0.1754385964912281,
        0.358695652173913,
        0.31578947368421056,
        0.4126984126984127,
        0.4794520547945206,
        0.18604651162790697,
        0.3684210526315789,
        0.2878787878787879,
        0.40579710144927533,
        0.31147540983606564,
        0.450261780104712,
        0.3505154639175258,
        0.2809917355371901,
        0.27692307692307694,
        0.13043478260869568,
        0.04123711340206186,
        0.3971631205673759,
        0.1917808219178082,
        0.25688073394495414,
        0.4155844155844156,
        0.29577464788732394,
        0.3461538461538462,
        0.3488372093023256,
        0.30508474576271183,
        0.19230769230769232,
        0.30769230769230765,
        0.3157894736842105
      ]
    },
    "rouge2": {
      "mean": 0.1305442284425381,
      "std": 0.10499930306926052,
      "scores": [
        0.18518518518518517,
        0.09174311926605504,
        0.17751479289940827,
        0.29357798165137616,
        0.012269938650306749,
        0.15584415584415584,
        0.06315789473684211,
        0.3619047619047619,
        0.07017543859649124,
        0.10810810810810811,
        0.27807486631016043,
        0.09411764705882353,
        0.06666666666666667,
        0.2830188679245283,
        0.08064516129032258,
        0.09448818897637794,
        0.03921568627450981,
        0.2248520710059172,
        0.2923076923076924,
        0.18518518518518517,
        0.1904761904761905,
        0.12328767123287672,
        0.0,
        0.21238938053097348,
        0.06611570247933883,
        0.046511627906976744,
        0.0,
        0.09448818897637795,
        0.24489795918367346,
        0.15151515151515152,
        0.16,
        0.05357142857142857,
        0.029197080291970802,
        0.05263157894736842,
        0.13173652694610777,
        0.11764705882352941,
        0.015873015873015876,
        0.0,
        0.0,
        0.1,
        0.031746031746031744,
        0.0,
        0.08064516129032258,
        0.1626016260162602,
        0.21428571428571427,
        0.6507936507936507,
        0.2236024844720497,
        0.23622047244094488,
        0.11940298507462686,
        0.019801980198019802,
        0.08695652173913043,
        0.16883116883116883,
        0.1075268817204301,
        0.3578947368421052,
        0.24324324324324328,
        0.22516556291390727,
        0.016260162601626018,
        0.15384615384615383,
        0.11965811965811966,
        0.24390243902439027,
        0.22222222222222224,
        0.22900763358778628,
        0.08888888888888888,
        0.12949640287769784,
        0.06666666666666667,
        0.1095890410958904,
        0.056074766355140186,
        0.12903225806451615,
        0.07317073170731707,
        0.4117647058823529,
        0.07792207792207792,
        0.034482758620689655,
        0.1290322580645161,
        0.01785714285714286,
        0.12087912087912087,
        0.07142857142857142,
        0.06417112299465241,
        0.26388888888888884,
        0.0,
        0.13333333333333333,
        0.09230769230769231,
        0.20895522388059704,
        0.06666666666666667,
        0.1693121693121693,
        0.17708333333333331,
        0.01680672268907563,
        0.046875,
        0.0,
        0.0,
        0.2014388489208633,
        0.056338028169014086,
        0.1308411214953271,
        0.19736842105263155,
        0.1142857142857143,
        0.19607843137254902,
        0.19047619047619052,
        0.18965517241379307,
        0.0,
        0.017391304347826087,
        0.14285714285714288
      ]
    },
    "rougeL": {
      "mean": 0.22716786208234602,
      "std": 0.09553800893830361,