{
  "0": {
    "precision": 0.9189627228525121,
    "recall": 0.8952631578947369,
    "f1-score": 0.9069581444948014,
    "support": 1900.0
  },
  "1": {
    "precision": 0.9473412493546721,
    "recall": 0.9657894736842105,
    "f1-score": 0.9564764138649987,
    "support": 1900.0
  },
  "2": {
    "precision": 0.8498975409836066,
    "recall": 0.8731578947368421,
    "f1-score": 0.8613707165109035,
    "support": 1900.0
  },
  "3": {
    "precision": 0.882258064516129,
    "recall": 0.8636842105263158,
    "f1-score": 0.872872340425532,
    "support": 1900.0
  },
  "accuracy": 0.8994736842105263,
  "macro avg": {
    "precision": 0.89961489442673,
    "recall": 0.8994736842105262,
    "f1-score": 0.8994194038240588,
    "support": 7600.0
  },
  "weighted avg": {
    "precision": 0.89961489442673,
    "recall": 0.8994736842105263,
    "f1-score": 0.8994194038240589,
    "support": 7600.0
  }
}